student_id,sleep_hours,outstanding_assignments,screen_time_hours,meals_per_day,self_reported_fatigue,group
R01,8.0,7,5.0,2.0,7,
R02,7.0,1,7.0,3.0,5,
R03,7.0,2,7.0,3.5,4,
R04,3.0,6,7.0,2.5,8,
R05,5.0,7,4.0,1.5,6,
R06,6.0,3,6.5,3.0,7.75,
R07,8.0,1,5.0,3.0,3.25,
R08,4.5,5,8.0,2.0,8.875,
R09,7.0,2,6.0,3.0,4.375,
R10,5.0,6,9.0,2.0,10,
R11,6.5,4,7.0,3.0,6.625,
R12,7.5,2,5.5,4.0,3.25,
R13,4.0,7,8.5,2.0,10,
R14,6.0,5,7.5,3.0,7.75,
R15,8.0,0,4.5,3.0,2.125,
R16,5.5,3,8.0,2.0,7.75,
R17,7.0,1,6.0,4.0,3.25,
R18,3.5,8,9.0,1.0,10,
R19,6.5,4,7.0,2.0,6.625,
R20,7.5,2,5.0,3.0,4.375,
